Index,Test Name,Version,Sample Group Name,Unit,Increase Is Better,Min,Max,Median,Average,Standard Deviation,Sum,Values
0,"Tests.BenchmarkTests.SampleTest(10,10,10)",1,"Time","Millisecond",No,6.8122,6.8122,6.8122,6.8122,0,6.8122,6.8122
1,"Tests.BenchmarkTests.SampleTest(10,10,10)",1,"UpdateTime","Millisecond",No,0,2,0,0.1,0.435889894354067,2,2, 0, 0, 0, 0, 0, 0, 0, 0, 0, 0, 0, 0, 0, 0, 0, 0, 0, 0, 0
2,"Tests.PerfTestBasic.__WarmupAndOverhead",1,"UpdateTime","Microsecond",No,0.3,1.8,0.4,0.412,0.220581050863396,20.6,0.8, 0.6, 0.3, 0.4, 0.4, 0.3, 0.4, 0.4, 0.3, 0.4, 0.4, 0.3, 0.3, 0.4, 0.3, 0.4, 0.5, 0.4, 0.4, 0.4, 0.5, 0.4, 0.4, 0.3, 0.5, 0.4, 0.4, 0.3, 0.6, 0.3, 0.4, 0.3, 0.4, 0.3, 0.4, 0.3, 0.4, 0.3, 0.5, 1.8, 0.4, 0.4, 0.3, 0.3, 0.3, 0.4, 0.3, 0.3, 0.3, 0.3
3,"Tests.PerfTestBasic.NoMatches",1,"UpdateTime","Microsecond",No,2.7,12.7,2.9,3.348,1.4429469844731,167.4,5.2, 4.4, 3.2, 3, 3, 3.2, 3.2, 4.1, 4.2, 2.8, 2.9, 2.9, 4.5, 2.8, 2.9, 2.7, 2.9, 2.8, 2.7, 2.8, 2.9, 3.6, 2.9, 3.2, 3.1, 2.8, 3, 2.9, 2.9, 3.7, 2.9, 2.8, 2.8, 3.7, 3.2, 2.8, 2.8, 2.8, 4.2, 2.8, 2.8, 2.7, 2.8, 2.7, 12.7, 3.4, 3.4, 2.8, 3.2, 2.9
4,"Tests.PerfTestBasic.TestFilterSingleComponent",1,"UpdateTime","Microsecond",No,113.2,153.2,119.7,120.092,5.51887089901548,6004.6,119.8, 127.3, 123.7, 116, 121, 118.6, 119.7, 119.3, 122.2, 119.5, 121.3, 115.5, 117, 120.9, 115.5, 121.4, 113.2, 119.9, 124.1, 119.2, 117.8, 115, 121.8, 117.5, 119.1, 153.2, 122.9, 114.3, 114.5, 120.3, 121.1, 118.6, 113.5, 119.7, 119.1, 121.2, 121.3, 118.4, 118.1, 121.2, 122.7, 118.5, 115.5, 121.8, 120.8, 121, 118.9, 118.5, 121.8, 121.4
5,"Tests.PerfTestJustWith.__WarmupAndOverhead",1,"UpdateTime","Microsecond",No,0.3,0.9,0.4,0.372,0.111427106217473,18.6,0.9, 0.3, 0.3, 0.4, 0.3, 0.4, 0.4, 0.3, 0.3, 0.4, 0.3, 0.4, 0.3, 0.4, 0.8, 0.3, 0.4, 0.3, 0.3, 0.4, 0.3, 0.3, 0.4, 0.4, 0.3, 0.4, 0.4, 0.4, 0.4, 0.5, 0.4, 0.4, 0.3, 0.3, 0.3, 0.3, 0.3, 0.3, 0.4, 0.4, 0.4, 0.3, 0.4, 0.3, 0.4, 0.4, 0.3, 0.4, 0.3, 0.3
6,"Tests.PerfTestJustWith.Pair_100Percent_ComponentTest030_ComponentTest064(Entities: 6000, Shuffle: False)",1,"UpdateTime","Microsecond",No,98.6,110.2,103.2,102.854,2.30193049417223,5142.7,99.2, 105.1, 103.5, 102.3, 104, 110.2, 102.2, 102.4, 99.1, 102.8, 99, 103.1, 104.2, 102.9, 100.9, 99.4, 103.7, 103.3, 103.2, 103.2, 102.9, 105.6, 103.4, 103.3, 103.8, 99, 103.9, 103.2, 103.6, 103.3, 103.1, 103.3, 102.8, 103, 102.8, 108.6, 98.6, 103.6, 106.4, 104, 102.9, 98.8, 103.2, 98.9, 103.5, 103.5, 103.1, 104.3, 103.6, 99
7,"Tests.PerfTestJustWith.Pair_100Percent_ComponentTest030_ComponentTest064(Entities: 6000, Shuffle: True)",1,"UpdateTime","Microsecond",No,101.7,183.7,106.95,112.46,12.6724425427776,5623,121.7, 183.7, 122.5, 122.5, 122.9, 120.3, 123.7, 124.3, 124.1, 116.8, 114.7, 121.4, 121.3, 117.8, 123.9, 123.2, 107.9, 107.3, 106.5, 107.1, 106.8, 106.7, 107.3, 106.4, 105.9, 107.3, 123.2, 106.3, 105.5, 106, 105.2, 105.4, 105.2, 105.1, 106.5, 105.3, 108.3, 105.4, 103.8, 106.2, 105.7, 104.8, 101.7, 106.2, 105.2, 101.9, 101.9, 106, 107.1, 111.1
8,"Tests.PerfTestJustWith.Pair_100Percent_ComponentTest030_ComponentTest128(Entities: 6000, Shuffle: False)",1,"UpdateTime","Microsecond",No,98.1,105.3,102.45,101.77,2.07771509115182,5088.5,104, 104.3, 102.8, 103, 103, 102.9, 100.9, 103.9, 102.9, 104.2, 103.4, 98.7, 101.5, 102.8, 103.2, 103.6, 102.9, 99.1, 105.3, 98.3, 103, 98.8, 99.2, 102.7, 101.8, 101.9, 101.7, 98.2, 101.8, 98.6, 98.1, 101.5, 104.9, 101.8, 98.2, 99.2, 102.8, 102.4, 98.5, 102.4, 102.2, 104.9, 103.5, 102.7, 102.9, 98.2, 102.5, 98.6, 102.5, 102.3
9,"Tests.PerfTestJustWith.Pair_100Percent_ComponentTest030_ComponentTest128(Entities: 6000, Shuffle: True)",1,"UpdateTime","Microsecond",No,116.1,186.4,124.05,131.94,19.6526639415627,6597,130.4, 117.2, 124.9, 123.7, 129.2, 123.2, 122.1, 124.2, 125.3, 124.6, 125, 123.3, 128.5, 122.3, 121.5, 116.1, 123.8, 123.9, 120.6, 121.1, 177.9, 186.4, 185.6, 184.1, 186.3, 122.3, 123.3, 125.4, 122.8, 122.9, 130.5, 123.8, 131.9, 122.9, 123.7, 133.7, 121, 123.7, 124.7, 120.4, 129.4, 121.7, 136, 125.1, 136.8, 123.6, 183.6, 125, 127.8, 123.8
10,"Tests.PerfTestJustWith.Pair_100Percent_ComponentTest030_ComponentTest192(Entities: 6000, Shuffle: False)",1,"UpdateTime","Microsecond",No,97.4,136.4,102.85,103.316,5.5287741860199,5165.8,109.8, 103.9, 115.4, 136.4, 104.4, 105, 99.4, 102.6, 102.7, 103, 102.4, 102.8, 102.6, 102.7, 106.3, 103.5, 102.8, 103.2, 102.8, 102.5, 103, 98.6, 102.8, 103, 103.2, 98.8, 103.5, 98.4, 103.1, 103.3, 102.6, 102.3, 98.8, 103, 103.2, 104.9, 103.1, 103.2, 103, 101.8, 102.8, 103, 98.2, 102.9, 102.9, 98.7, 97.6, 102.7, 101.8, 97.4
11,"Tests.PerfTestJustWith.Pair_100Percent_ComponentTest030_ComponentTest192(Entities: 6000, Shuffle: True)",1,"UpdateTime","Microsecond",No,108.3,131.9,122.5,121.324,3.71965374732649,6066.2,124.3, 115.2, 124, 123.7, 122.9, 125.5, 119.2, 121.7, 117.3, 123.7, 119.1, 120.9, 123, 119, 124.6, 116.8, 122.2, 122.9, 120.8, 123.9, 123.7, 119.3, 121.1, 124.7, 116.8, 124.4, 123.6, 123.8, 120.3, 119, 123.5, 123.3, 118.2, 122.7, 113.5, 125, 122.5, 122.5, 123.4, 115.1, 122.7, 123.6, 122.7, 108.3, 122.3, 118.2, 116.8, 121, 131.9, 121.6
12,"Tests.PerfTestJustWith.Pair_100Percent_ComponentTest064_ComponentTest128(Entities: 6000, Shuffle: False)",1,"UpdateTime","Microsecond",No,102.4,178.8,103.45,111.192,19.3204227697015,5559.6,103.1, 178.8, 112, 102.8, 123.9, 105.3, 103.4, 166.4, 165.3, 104.7, 103.4, 102.8, 103.7, 166, 107.6, 103.6, 102.7, 104, 135.1, 108, 102.9, 102.7, 102.7, 102.8, 108.2, 102.9, 103, 102.4, 103.3, 103, 102.8, 102.9, 155.5, 103.2, 103, 103, 105.2, 102.9, 102.7, 103.9, 104.9, 104.2, 103.6, 104.2, 103.2, 104.1, 103.5, 103.1, 103.4, 103.8
13,"Tests.PerfTestJustWith.Pair_100Percent_ComponentTest064_ComponentTest128(Entities: 6000, Shuffle: True)",1,"UpdateTime","Microsecond",No,110.3,131.6,121.7,121.106,4.55172099320685,6055.3,127.8, 112.1, 118.4, 114.6, 116, 116, 124, 121, 123.6, 123.6, 127.2, 116.3, 120, 125.5, 112.2, 118.7, 113.7, 118.8, 120, 118.7, 120.5, 119.3, 119.2, 123.4, 119, 114.7, 110.3, 114, 124.6, 121.8, 119.5, 124.7, 122.8, 121.6, 125.8, 131.6, 120.8, 123.4, 125.3, 125.3, 126.2, 124.7, 124.1, 125, 123.5, 121.9, 123.2, 127.8, 123.3, 119.8
14,"Tests.PerfTestJustWith.Pair_100Percent_ComponentTest064_ComponentTest192(Entities: 6000, Shuffle: False)",1,"UpdateTime","Microsecond",No,96.9,138.2,102.2,102.208,5.74410445587474,5110.4,102.2, 102.8, 100, 102.2, 104.5, 102.9, 102.5, 102.3, 99, 98.2, 102.2, 102.3, 98.1, 103, 102.3, 98.2, 102.3, 98.9, 103, 102.2, 98.9, 102.2, 102.3, 107.8, 102.3, 98.1, 98.2, 97.7, 101.6, 138.2, 101.7, 101.2, 101.6, 96.9, 100.9, 99.6, 97.4, 103.5, 101, 98.1, 101.3, 111.8, 102.5, 102.6, 102.1, 101.6, 102.1, 102.5, 103.1, 102.5
15,"Tests.PerfTestJustWith.Pair_100Percent_ComponentTest064_ComponentTest192(Entities: 6000, Shuffle: True)",1,"UpdateTime","Microsecond",No,103.7,281.3,124.8,142.896,34.9560064080553,7144.8,123.7, 181.9, 181.6, 181.6, 180.2, 183.9, 187.7, 179.4, 178.9, 180.4, 124.1, 124.6, 126.4, 124, 127.4, 123.1, 124.7, 123.1, 125.3, 121, 123.4, 124.4, 143.3, 126, 123.9, 124.3, 124.2, 123.8, 124.9, 121.9, 123.3, 126.5, 281.3, 179.5, 181.3, 180.8, 178.5, 188.4, 179.9, 124.6, 106.7, 157.3, 106.6, 105.3, 106.2, 105.9, 105.9, 105.5, 103.7, 134.5
16,"Tests.PerfTestJustWith.Pair_100Percent_ComponentTest128_ComponentTest192(Entities: 6000, Shuffle: False)",1,"UpdateTime","Microsecond",No,98.7,128.8,103,103.31,4.22692559669555,5165.5,103.5, 103.8, 102.5, 109.7, 103.2, 101.3, 103.1, 103.2, 100.2, 102.5, 102.4, 102.9, 103.7, 102.8, 103.4, 103.4, 111.1, 104.1, 103.1, 103.2, 98.9, 103.3, 103, 98.7, 103, 103.2, 99, 103, 102.7, 103.8, 103.2, 102.8, 99, 102.7, 98.8, 103, 103.4, 103, 102.9, 103.4, 98.7, 128.8, 103.9, 102.9, 103.5, 103.6, 102.3, 102.5, 103, 102.4
17,"Tests.PerfTestJustWith.Pair_100Percent_ComponentTest128_ComponentTest192(Entities: 6000, Shuffle: True)",1,"UpdateTime","Microsecond",No,117.5,151.4,122.3,122.808,4.73416687496332,6140.4,129.7, 118, 120.7, 120.9, 124.5, 123.4, 124.1, 118.8, 124.3, 123.3, 124, 122.1, 124.3, 121.2, 125.4, 124.2, 117.5, 123, 121.4, 124.8, 121.8, 119.5, 119.2, 124.2, 120.6, 125.3, 123.6, 151.4, 125.1, 121.2, 123.8, 126.5, 123.1, 119.6, 124.1, 119.6, 121, 120.4, 121.2, 123.3, 120.8, 123.7, 118.8, 119.6, 122.5, 122.5, 121.6, 118.9, 121.7, 120.2
18,"Tests.PerfTestJustWith.Pair_20Percent_ComponentTest030_ComponentTest064(Entities: 6000, Shuffle: False)",1,"UpdateTime","Microsecond",No,20.9,24.8,21.6,21.74,0.731026675299883,1087,22.3, 23.7, 21.7, 21.8, 21.6, 21.6, 21.6, 24.8, 21.7, 21.8, 21.5, 21.6, 21.4, 23, 22.1, 21.8, 21.6, 21.7, 22.5, 22, 22.3, 22.1, 21.6, 22, 23.3, 21.1, 21.1, 21.3, 20.9, 21.3, 21.1, 21.1, 21.3, 21.4, 21.1, 21.9, 21.1, 21.5, 21, 21.2, 21.2, 21.1, 21.3, 21.5, 21.1, 21.5, 21.7, 22.8, 22, 21.3
19,"Tests.PerfTestJustWith.Pair_20Percent_ComponentTest030_ComponentTest064(Entities: 6000, Shuffle: True)",1,"UpdateTime","Microsecond",No,35.6,52.5,39.35,39.678,2.76407597580095,1983.9,42.2, 36.2, 37.8, 39.3, 39.7, 38.9, 35.7, 39.2, 46.1, 37.6, 41.5, 39.7, 39.3, 38.8, 41.2, 37.1, 37.8, 36.9, 40.8, 52.5, 39.4, 38.4, 44.5, 40.1, 35.6, 39.5, 39.9, 41.2, 40, 40.9, 36.4, 40.7, 42.4, 37.3, 39.1, 42.6, 39.5, 39.3, 39.1, 37.3, 38.2, 39.2, 37.6, 38.5, 40.6, 40.9, 40, 36.5, 40.3, 40.6
20,"Tests.PerfTestJustWith.Pair_20Percent_ComponentTest030_ComponentTest128(Entities: 6000, Shuffle: False)",1,"UpdateTime","Microsecond",No,20.6,25.5,22,22.14,0.799749960925289,1107,22.6, 22.5, 24.6, 21.6, 21.5, 21.7, 23, 22, 21.9, 21.2, 22, 21.8, 21.7, 22.3, 22, 22.2, 21.8, 21.3, 22.2, 21.5, 22.9, 22.1, 21.5, 22.4, 21.4, 21.5, 22.4, 25.5, 22, 21.9, 21.9, 22.9, 22.5, 23, 21.8, 22.2, 21.9, 23.2, 21.2, 22.1, 22.5, 22.3, 22.1, 21.9, 22.7, 22.6, 21.6, 21.6, 20.6, 21.4
21,"Tests.PerfTestJustWith.Pair_20Percent_ComponentTest030_ComponentTest128(Entities: 6000, Shuffle: True)",1,"UpdateTime","Microsecond",No,35.7,48,39.35,39.48,1.95591410854362,1974,39.8, 35.7, 40.1, 36.5, 39.8, 40.7, 39.9, 39.7, 38.2, 39.6, 40.6, 36.8, 38.9, 39.2, 39.3, 46, 36.5, 37.6, 41, 40, 39.7, 48, 38.8, 39.3, 39.4, 39.2, 38.9, 40.7, 38.6, 40.1, 40.5, 37.5, 39.3, 39.2, 39.2, 38, 38.1, 40.5, 39, 39.2, 38.2, 39.5, 41, 40.2, 39.7, 38.9, 39.7, 37.4, 40.8, 39.5
22,"Tests.PerfTestJustWith.Pair_20Percent_ComponentTest030_ComponentTest192(Entities: 6000, Shuffle: False)",1,"UpdateTime","Microsecond",No,20.8,25.1,21.95,22.016,0.758514337372736,1100.8,21.8, 23.8, 21.9, 25.1, 20.9, 22.1, 22.1, 21.9, 21.1, 21.8, 21.9, 21.7, 21.9, 20.9, 21.8, 21.9, 24, 22, 21.9, 21.8, 22.1, 21.8, 21.9, 21.9, 22.8, 20.8, 22.8, 22.2, 20.9, 22, 21, 22.2, 22, 22, 22.1, 21.9, 22.5, 21.3, 22.1, 22, 21.5, 22.1, 21.1, 22.3, 22.1, 22.1, 22.8, 22.3, 21.4, 22.5
23,"Tests.PerfTestJustWith.Pair_20Percent_ComponentTest030_ComponentTest192(Entities: 6000, Shuffle: True)",1,"UpdateTime","Microsecond",No,22.9,31.8,24.6,24.882,1.64871950312963,1244.1,25.8, 31.4, 24.7, 31.8, 24.9, 26.4, 27.4, 25, 25.9, 25, 24.4, 24.1, 24.1, 23.1, 24.1, 24.8, 23.6, 24.6, 24.3, 23.5, 24.6, 24.7, 24.4, 26.3, 24.7, 25.8, 25, 23.1, 24.5, 24.3, 24.6, 23.9, 24.6, 23.9, 23.4, 24.2, 24.6, 25.8, 25.7, 24.7, 24.4, 24.8, 23, 23.8, 24.2, 23.8, 24.4, 22.9, 26.2, 24.9
24,"Tests.PerfTestJustWith.Pair_20Percent_ComponentTest064_ComponentTest128(Entities: 6000, Shuffle: False)",1,"UpdateTime","Microsecond",No,21.4,35.4,25.55,28.068,6.09844045637899,1403.4,22.3, 23.8, 23.9, 33.6, 34.2, 34.3, 34.3, 33.9, 33.6, 33.9, 34.3, 34.3, 34.8, 34.1, 33.9, 33.6, 21.9, 21.8, 21.5, 21.9, 21.5, 21.4, 22, 21.5, 26, 21.6, 21.6, 21.6, 21.9, 21.7, 22.1, 21.9, 21.5, 23.3, 22, 21.7, 35.3, 35.3, 35.2, 33.7, 35.4, 34.1, 34.3, 35, 34.9, 34.8, 33.4, 25.1, 22, 21.7
25,"Tests.PerfTestJustWith.Pair_20Percent_ComponentTest064_ComponentTest128(Entities: 6000, Shuffle: True)",1,"UpdateTime","Microsecond",No,34,41.9,38.95,38.834,1.45032548071114,1941.7,40.1, 37.3, 38, 34, 39, 39.5, 39, 37.6, 39.6, 39.1, 38.5, 38.9, 39.6, 38.9, 40.7, 39.2, 39.2, 39.7, 39.3, 39.3, 39.2, 38.1, 41.3, 38.6, 36.8, 38.4, 41.5, 38.4, 38.8, 40.2, 41.4, 38.9, 37.6, 37.9, 41.9, 37.4, 41.2, 38.7, 37.5, 35.7, 38.3, 39, 39.3, 36.2, 39.9, 38.4, 38.3, 39.5, 39.1, 37.7
26,"Tests.PerfTestJustWith.Pair_20Percent_ComponentTest064_ComponentTest192(Entities: 6000, Shuffle: False)",1,"UpdateTime","Microsecond",No,20.8,26.5,21.9,22.024,0.956150615750469,1101.2,23.9, 24.5, 22.4, 21.7, 22.2, 21.4, 21.5, 22.3, 22, 21.3, 22.3, 21.2, 21.1, 20.9, 21.7, 22.1, 22, 21.5, 22, 21.3, 26.5, 23.2, 22.9, 22.2, 21.9, 22.2, 20.8, 22.1, 20.8, 21.9, 20.8, 22.1, 21.8, 22.8, 22.1, 22.3, 22.6, 21.9, 21.5, 21.6, 22, 21.4, 21.7, 21.9, 21.6, 22.6, 21.8, 21.8, 20.9, 22.2
27,"Tests.PerfTestJustWith.Pair_20Percent_ComponentTest064_ComponentTest192(Entities: 6000, Shuffle: True)",1,"UpdateTime","Microsecond",No,22.7,59.5,38.45,37.138,8.73647274361913,1856.9,40.3, 38.7, 39.3, 49.9, 40.8, 40, 40.9, 50, 37, 42.2, 40.9, 38.5, 41.8, 41.6, 41.4, 35.8, 37.3, 40.3, 40.4, 39.3, 39.8, 40.2, 38.4, 52.2, 59.5, 53.3, 54, 41.4, 38.4, 33.2, 36.6, 34.4, 33.9, 33.1, 36.4, 37.6, 36.1, 35.2, 35.7, 38.8, 23.5, 23.1, 23.1, 23.7, 23.5, 22.9, 23.9, 23.1, 22.7, 22.8
28,"Tests.PerfTestJustWith.Pair_20Percent_ComponentTest128_ComponentTest192(Entities: 6000, Shuffle: False)",1,"UpdateTime","Microsecond",No,21.5,28.5,22.2,22.442,1.07779218776163,1122.1,22.2, 24.9, 21.8, 22.7, 22.3, 22.4, 22.1, 22.4, 22.3, 25.4, 22.3, 22.6, 22.3, 21.9, 22.1, 22.4, 22.7, 21.9, 21.8, 22, 22.1, 22.3, 22.4, 21.7, 22.3, 21.8, 22.3, 22.4, 22.8, 22.4, 22.2, 21.9, 22.1, 22.1, 22.1, 22.1, 21.5, 22.1, 22.1, 22, 28.5, 22.8, 22.4, 21.9, 22.2, 22.7, 22.1, 22, 22.1, 22.2
29,"Tests.PerfTestJustWith.Pair_20Percent_ComponentTest128_ComponentTest192(Entities: 6000, Shuffle: True)",1,"UpdateTime","Microsecond",No,25.2,36.7,33.4,33.304,1.90913173982311,1665.2,25.2, 31.1, 32.5, 34.7, 33.6, 33.3, 35.2, 35.2, 32.4, 34.8, 33.2, 34.4, 34, 32.2, 32.6, 34.3, 35.9, 35.5, 33.1, 34.4, 33.2, 32.7, 34.6, 34.6, 35.1, 36.7, 33.8, 34.3, 35.7, 34.1, 33.3, 33.4, 33.8, 35.8, 34.5, 33.1, 34.8, 33.7, 33.4, 32.6, 31.6, 31.6, 32.5, 30.8, 31.7, 29.3, 31.2, 32.6, 30.5, 32.6
30,"Tests.PerfTestJustWith.Pair_5Percent_ComponentTest030_ComponentTest064(Entities: 6000, Shuffle: False)",1,"UpdateTime","Microsecond",No,7.4,21.7,9.2,9.612,2.07852255219904,480.6,9.2, 8.9, 7.5, 8.9, 9.1, 8.1, 8.4, 8.8, 10, 8.1, 9.4, 8.5, 7.4, 8.7, 8.4, 9.2, 9.2, 9.1, 8.6, 10.8, 9.7, 8.7, 8.7, 7.4, 9.3, 21.7, 11.2, 10.9, 10.5, 11.5, 10.3, 11.6, 11, 10.8, 10.5, 12.5, 10.7, 10.2, 10.3, 9.4, 9.4, 9.8, 9.2, 8.8, 8.9, 8.2, 8.8, 7.7, 8.7, 7.9
31,"Tests.PerfTestJustWith.Pair_5Percent_ComponentTest030_ComponentTest064(Entities: 6000, Shuffle: True)",1,"UpdateTime","Microsecond",No,15,26.1,17.6,17.668,1.86723753175647,883.4,17.8, 15.6, 17.8, 17.1, 18.7, 17.3, 19.1, 23.7, 17.9, 16, 18.2, 18.7, 17.7, 18.9, 18, 18.6, 16.5, 17.4, 26.1, 17.5, 17.6, 16.6, 15.1, 17, 18.4, 15.4, 18.3, 15.3, 17, 17.4, 19.2, 18.5, 15.6, 17.6, 15, 17.3, 17.1, 18.7, 16.8, 17.6, 15.1, 17.8, 15.7, 18.2, 18.1, 17.9, 17.9, 16.6, 17.2, 18.8
32,"Tests.PerfTestJustWith.Pair_5Percent_ComponentTest030_ComponentTest128(Entities: 6000, Shuffle: False)",1,"UpdateTime","Microsecond",No,6.2,9.6,6.6,6.768,0.662250707813892,338.4,9.6, 9.6, 6.8, 6.7, 6.6, 6.5, 6.9, 7.7, 7.1, 6.7, 6.7, 6.6, 6.4, 6.6, 6.4, 6.7, 6.5, 6.7, 6.6, 6.7, 6.9, 6.6, 6.6, 6.6, 6.3, 6.6, 6.8, 6.4, 6.4, 6.6, 6.6, 6.3, 6.3, 7.8, 6.7, 6.6, 6.6, 6.4, 6.5, 6.3, 6.5, 6.2, 6.6, 6.3, 6.6, 6.3, 7, 7.6, 6.7, 6.6
33,"Tests.PerfTestJustWith.Pair_5Percent_ComponentTest030_ComponentTest128(Entities: 6000, Shuffle: True)",1,"UpdateTime","Microsecond",No,9.4,31.6,11.7,13.858,4.99203725947634,692.9,26.2, 31.6, 10.6, 9.4, 9.4, 9.5, 24.9, 10.7, 11.8, 11.7, 11, 12.4, 12.4, 11.6, 11.8, 11.6, 12.5, 11.5, 17.7, 11.9, 30.5, 19.8, 16.3, 17.8, 18.7, 17.5, 17.3, 15.2, 10.8, 11.3, 10.4, 13.9, 15.9, 11.6, 11.7, 9.8, 10.9, 11.2, 11.4, 11.8, 11.1, 11.6, 14.5, 12.2, 12, 11.7, 11.5, 11, 11.7, 11.6
34,"Tests.PerfTestJustWith.Pair_5Percent_ComponentTest030_ComponentTest192(Entities: 6000, Shuffle: False)",1,"UpdateTime","Microsecond",No,6.4,9.9,7.75,7.99,0.850470458040725,399.5,9.7, 9.9, 7.6, 8.2, 9.7, 8.1, 7.5, 7.6, 8.8, 7.6, 7.4, 8.4, 8.2, 7, 6.4, 7.7, 7.8, 9, 8, 7.2, 6.9, 8.6, 9.2, 8.5, 9.4, 7.1, 7.6, 7.5, 8, 7.7, 9.1, 8.1, 7.5, 7.7, 7.8, 8.7, 8.8, 7.2, 9.5, 6.7, 6.9, 6.9, 7.7, 7.6, 8.7, 8.6, 6.9, 8, 7.1, 7.7
35,"Tests.PerfTestJustWith.Pair_5Percent_ComponentTest030_ComponentTest192(Entities: 6000, Shuffle: True)",1,"UpdateTime","Microsecond",No,15.3,90.6,18.3,19.722,10.1717902062518,986.1,20.1, 18.3, 17.5, 17.7, 18.3, 20.1, 19.3, 19.1, 18.7, 17.9, 18.5, 17.2, 90.6, 18.9, 18.1, 18.8, 18.4, 19.6, 16.1, 16.9, 17.9, 20.4, 18, 18.5, 17.4, 18.5, 15.3, 17.3, 18.6, 18.7, 18.2, 17.3, 18.9, 18.3, 17.8, 17.9, 18.2, 17.5, 17.6, 18.1, 17.9, 17.8, 17, 19, 18.6, 17.9, 19.1, 18.9, 19.1, 20.3
36,"Tests.PerfTestJustWith.Pair_5Percent_ComponentTest064_ComponentTest128(Entities: 6000, Shuffle: False)",1,"UpdateTime","Microsecond",No,6.3,9.5,6.7,6.832,0.490485473791018,341.6,7.3, 9.5, 6.5, 6.3, 6.5, 6.6, 6.5, 6.8, 7, 6.7, 6.6, 6.9, 6.9, 6.7, 6.6, 6.8, 7.1, 6.9, 7.7, 8.1, 6.8, 7, 6.8, 7.2, 6.7, 6.7, 6.9, 6.8, 7, 6.9, 6.8, 7.1, 6.6, 6.8, 6.7, 6.7, 6.7, 6.7, 6.7, 6.5, 6.4, 6.6, 6.5, 6.5, 6.5, 6.6, 6.6, 6.6, 6.6, 6.6
37,"Tests.PerfTestJustWith.Pair_5Percent_ComponentTest064_ComponentTest128(Entities: 6000, Shuffle: True)",1,"UpdateTime","Microsecond",No,13.8,22.5,17.5,17.48,1.20714539306581,874,19.2, 17.5, 18.1, 16.9, 15.8, 18.4, 16.9, 17.5, 17.4, 17.7, 17.7, 17.8, 18.8, 17.6, 17.1, 18.3, 17.7, 18.1, 18, 17.5, 17.6, 17.6, 17.4, 22.5, 18.6, 17.4, 17.7, 17.3, 17, 16.5, 17.5, 17.2, 13.8, 15.2, 14.7, 16.7, 17.5, 16.4, 17.1, 16.2, 17.9, 17.8, 17.2, 18.7, 17.6, 18, 18.7, 17.1, 17.7, 17.4
38,"Tests.PerfTestJustWith.Pair_5Percent_ComponentTest064_ComponentTest192(Entities: 6000, Shuffle: False)",1,"UpdateTime","Microsecond",No,7.1,11.4,8.3,8.422,0.745731855293845,421.1,9.9, 10.2, 9.1, 11.4, 9.3, 8.1, 7.9, 8.8, 7.4, 8.2, 8.3, 8.7, 9.3, 8.7, 7.3, 8.3, 8.5, 7.5, 8, 7.1, 8.3, 8, 7.9, 7.7, 8.2, 8.1, 8.5, 7.3, 8.2, 8.5, 8.2, 8.6, 8, 9.2, 7.9, 8.6, 8.6, 8.1, 8.4, 8.2, 7.8, 8.3, 9.1, 9, 8.5, 9, 8.4, 8.4, 8.3, 7.8
39,"Tests.PerfTestJustWith.Pair_5Percent_ComponentTest064_ComponentTest192(Entities: 6000, Shuffle: True)",1,"UpdateTime","Microsecond",No,15.7,24.4,18.3,18.404,1.76453506624266,920.2,17.9, 18.9, 15.7, 17.2, 16, 18.3, 18.1, 18.5, 18.6, 17.2, 17.9, 16, 20.6, 18.8, 17.6, 19.5, 16.1, 15.9, 18.5, 17.2, 17.2, 15.8, 15.7, 18.3, 17.8, 17.9, 18.4, 18.8, 20.4, 19.9, 24.4, 20.1, 19, 20.4, 16.5, 18.7, 20.5, 17.1, 18.3, 20, 17.1, 19.1, 19.9, 17.3, 19.5, 16.8, 22.9, 17.9, 19.8, 20.2
40,"Tests.PerfTestJustWith.Pair_5Percent_ComponentTest128_ComponentTest192(Entities: 6000, Shuffle: False)",1,"UpdateTime","Microsecond",No,6.8,17.1,8.75,9.196,2.09092898014256,459.8,7.9, 9.9, 9.1, 9, 7.7, 9.6, 8.5, 9.4, 8.5, 9.2, 8.7, 8.7, 8.6, 8, 9.7, 7.4, 9.3, 7.1, 9.1, 8.8, 8.9, 8.9, 8.1, 7.8, 8.7, 8, 10.5, 8.3, 7.2, 7.3, 8.4, 8.8, 17.1, 11.8, 10.8, 12.9, 11.2, 10.8, 10.4, 10.4, 10.4, 10.6, 17.1, 7, 7.4, 7.4, 8.1, 7.1, 7.4, 6.8
41,"Tests.PerfTestJustWith.Pair_5Percent_ComponentTest128_ComponentTest192(Entities: 6000, Shuffle: True)",1,"UpdateTime","Microsecond",No,14.9,21.8,18.2,18.124,1.37892131755224,906.2,17.4, 18.2, 18.2, 19.2, 19.1, 18, 15.6, 18.8, 18.7, 20.7, 18.2, 17.8, 17.9, 18.7, 18.9, 18.2, 16.7, 17.2, 16.2, 18, 19.2, 17.9, 19.3, 18.1, 19, 15.9, 18.2, 19.9, 16.9, 18.5, 18.4, 17.9, 18.1, 19.7, 17.3, 18.4, 15.2, 17.5, 16.4, 19.4, 20.1, 17.8, 14.9, 18.6, 20.1, 17.9, 18.3, 15.2, 18.6, 21.8
42,"Tests.PerfTestJustWith.Quartet_100Percent_ComponentTest030_ComponentTest064_ComponentTest128_ComponentTest192(Entities: 6000, Shuffle: False)",1,"UpdateTime","Microsecond",No,175.4,274.5,183.7,187.566,17.8252585955997,9378.3,184.2, 184, 180.4, 183.4, 183.3, 190, 238.4, 184.1, 183.8, 177.3, 184.4, 184.9, 229.6, 183.2, 176.9, 185, 176.8, 179.4, 184.7, 176.8, 234.4, 189.4, 177.1, 176.8, 175.4, 182.6, 175.9, 176, 182.9, 185, 184.9, 187.2, 183.4, 183.3, 183.7, 183.7, 183.7, 187.7, 186.1, 183.2, 187.6, 183.1, 177.4, 184.2, 189.2, 183.5, 183.3, 178.7, 274.5, 183.8
43,"Tests.PerfTestJustWith.Quartet_100Percent_ComponentTest030_ComponentTest064_ComponentTest128_ComponentTest192(Entities: 6000, Shuffle: True)",1,"UpdateTime","Microsecond",No,196.8,275,204.35,207.338,12.6511167886476,10366.9,206.8, 201.2, 230.3, 206.3, 202.1, 206.1, 206.1, 198.2, 207.5, 203.7, 205.4, 205.8, 197.5, 197.5, 203.4, 205.4, 205, 207.2, 206.1, 205.4, 209.5, 198.4, 217.4, 203.7, 197.9, 203.4, 236.6, 201.6, 206.3, 202.1, 204.7, 210.3, 204.4, 204.3, 203.9, 204.1, 203.3, 202, 238.1, 205.2, 206.5, 200.8, 202.4, 203.7, 196.8, 203.9, 205.2, 204.2, 275, 204.2
44,"Tests.PerfTestJustWith.Quartet_20Percent_ComponentTest030_ComponentTest064_ComponentTest128_ComponentTest192(Entities: 6000, Shuffle: False)",1,"UpdateTime","Microsecond",No,34.7,59.8,36.5,41.194,9.28657977944518,2059.7,37.8, 37.7, 36.8, 35.3, 37.2, 36.6, 36.9, 36.5, 35.9, 35.6, 36, 35.8, 35.2, 36.2, 35.3, 36, 36.5, 35.1, 36.2, 36.4, 36.2, 35.6, 36.7, 38.7, 36.6, 36.1, 36.7, 36.9, 35.4, 35.7, 34.7, 38, 37.2, 35.6, 36.1, 36.1, 36.3, 36.3, 35.1, 59.8, 58.1, 57.6, 58.3, 58, 57.7, 57.9, 59.4, 58.9, 59.3, 59.7
45,"Tests.PerfTestJustWith.Quartet_20Percent_ComponentTest030_ComponentTest064_ComponentTest128_ComponentTest192(Entities: 6000, Shuffle: True)",1,"UpdateTime","Microsecond",No,53.2,74.1,56.9,57.376,3.70381209026592,2868.8,53.2, 55.1, 55.8, 56, 59.2, 55.5, 53.2, 54.9, 57.4, 56, 56.8, 55.8, 53.2, 55.3, 55.4, 56.1, 57.6, 53.6, 56.5, 55.7, 58, 57, 57.3, 57.8, 57.1, 58, 57.2, 57, 60.3, 58.9, 61.2, 56.1, 56.1, 55.7, 55.8, 58.1, 57.6, 57.9, 73.2, 58.6, 57.1, 56.4, 57.9, 57.9, 56, 74.1, 56.3, 59, 55.5, 57.4
46,"Tests.PerfTestJustWith.Quartet_5Percent_ComponentTest030_ComponentTest064_ComponentTest128_ComponentTest192(Entities: 6000, Shuffle: False)",1,"UpdateTime","Microsecond",No,9.6,13.4,10.15,10.398,0.800122490622529,519.9,10.2, 13.2, 9.9, 10.4, 9.9, 9.7, 10.6, 9.9, 10.2, 9.9, 9.8, 9.6, 11.1, 10.7, 11.2, 12, 10.3, 10, 10, 9.9, 10.1, 10.7, 10.3, 10.6, 10.4, 10.8, 10, 10.1, 10.6, 10, 13.4, 10.2, 9.7, 10, 9.7, 10.8, 10.1, 11.8, 10.7, 10.3, 9.7, 10, 10.1, 10, 10.4, 9.8, 9.7, 10.2, 9.6, 11.6
47,"Tests.PerfTestJustWith.Quartet_5Percent_ComponentTest030_ComponentTest064_ComponentTest128_ComponentTest192(Entities: 6000, Shuffle: True)",1,"UpdateTime","Microsecond",No,25.9,33.9,28.8,28.826,1.32072858680351,1441.3,30.1, 27.6, 28.5, 26.9, 29.8, 29.3, 29.1, 29.2, 31.4, 30.5, 33.9, 28.7, 28.9, 29.4, 27.6, 29.4, 28.9, 28.5, 28.7, 29.5, 30.2, 28.9, 25.9, 28.7, 28.1, 28.9, 29.2, 26.3, 28, 28.9, 28.4, 29.3, 29.7, 29.2, 28.3, 29, 28.7, 28.5, 28, 28.4, 29, 28, 26.2, 28.9, 27.5, 31.9, 28.6, 28.6, 28.1, 28
48,"Tests.PerfTestJustWith.Single_100Percent_ComponentTest030(Entities: 6000, Shuffle: False)",1,"UpdateTime","Microsecond",No,65.4,86.5,68.6,69.044,2.70903377609066,3452.2,69.5, 70.8, 68.6, 68.7, 68.6, 65.4, 69.4, 68.4, 68.4, 68.5, 67.9, 68, 68.1, 68, 68.7, 68.5, 69.3, 69.3, 68.6, 69.1, 68.6, 70.9, 68.5, 67.9, 68.8, 68.2, 86.5, 67.9, 65.6, 70.7, 66.6, 69.1, 68.9, 68.1, 68.3, 68.6, 68.5, 68.5, 69.1, 68.6, 68.7, 69.2, 71.6, 69.9, 68.8, 69.6, 68.5, 68.9, 68.7, 68.6
49,"Tests.PerfTestJustWith.Single_100Percent_ComponentTest030(Entities: 6000, Shuffle: True)",1,"UpdateTime","Microsecond",No,75.3,101.1,84.3,84.446,4.10590842567147,4222.3,79.6, 77.9, 80.2, 84.3, 82.3, 86.6, 81.5, 81, 84.6, 83.4, 81.2, 84.7, 83.4, 85.3, 84.5, 75.3, 87.8, 101.1, 89.3, 88.9, 88.7, 90.7, 83.1, 83.2, 84.2, 85.9, 84.3, 82.4, 83.5, 79.4, 90.1, 87.4, 82.7, 88.7, 83.2, 85.8, 85.9, 86.2, 84.5, 81.9, 87.5, 80.1, 82.3, 83.3, 76.3, 87.1, 85.2, 86.8, 81.7, 87.3
50,"Tests.PerfTestJustWith.Single_100Percent_ComponentTest064(Entities: 6000, Shuffle: False)",1,"UpdateTime","Microsecond",No,65.2,88.9,68.2,68.638,3.46415299893062,3431.9,69.5, 72.8, 68.3, 67.9, 66.3, 68.9, 68, 66.1, 67.9, 65.7, 68.1, 68, 68, 69.5, 69.5, 68.2, 68.1, 68.5, 68, 68, 68.6, 68.2, 65.4, 68.5, 68, 68.6, 68, 68.5, 71.1, 77.1, 69.4, 68.6, 68.3, 68.2, 68.8, 68.7, 88.9, 69.1, 65.3, 68.2, 68, 65.2, 68.9, 68.1, 65.2, 65.3, 68, 67.8, 66, 68.6
51,"Tests.PerfTestJustWith.Single_100Percent_ComponentTest064(Entities: 6000, Shuffle: True)",1,"UpdateTime","Microsecond",No,75.8,126.4,83.75,85.748,8.78842966632834,4287.4,84.3, 75.8, 84.3, 83.5, 82.9, 81.1, 86.9, 98.1, 77, 80.2, 82, 93.1, 86.2, 84.3, 99.7, 83.7, 87, 81.5, 82.6, 86.9, 83.4, 86.4, 83.8, 79.3, 84.6, 86.5, 78.4, 81, 80.2, 81.9, 86.4, 86.4, 76, 82.4, 86.8, 89.2, 89.2, 84.6, 81.3, 82.8, 81, 83.4, 81.5, 83.3, 87.8, 126.4, 85.2, 119, 85.6, 82.5
52,"Tests.PerfTestJustWith.Single_100Percent_ComponentTest128(Entities: 6000, Shuffle: False)",1,"UpdateTime","Microsecond",No,65.2,76.3,68.8,68.696,1.91676393956064,3434.8,67.3, 68.7, 68.2, 68.9, 68.3, 68.9, 69.7, 66.6, 68.9, 68.3, 65.8, 76.3, 68.9, 65.6, 68.9, 70, 68.8, 68.4, 68.7, 68.3, 69.5, 69.3, 69.5, 69.4, 68.7, 69.3, 75.9, 68.4, 68.8, 69.8, 66.7, 69, 66, 68.9, 68.6, 68.6, 70.1, 68.5, 69.8, 68.9, 68.7, 68.9, 68.8, 68.8, 66.1, 66, 69.1, 65.2, 68, 68
53,"Tests.PerfTestJustWith.Single_100Percent_ComponentTest128(Entities: 6000, Shuffle: True)",1,"UpdateTime","Microsecond",No,76,106.6,83.35,83.518,4.74479462147731,4175.9,85.9, 76.2, 86.1, 83.6, 80.7, 83, 80.7, 80.2, 88.2, 106.6, 88.7, 80.1, 77.9, 88.7, 85.8, 84.9, 81.3, 76.1, 86.1, 78.1, 89.4, 81.4, 86, 79.9, 81, 86.6, 79.8, 80.1, 82.6, 83.8, 76, 85.1, 83.9, 81.1, 85.7, 81.3, 83.3, 86.5, 83.4, 84.6, 82.8, 87, 82.3, 81.3, 84.4, 85.9, 80.8, 83.9, 89, 78.1
54,"Tests.PerfTestJustWith.Single_100Percent_ComponentTest192(Entities: 6000, Shuffle: False)",1,"UpdateTime","Microsecond",No,66.4,98.2,69.5,70.642,5.27610045393376,3532.1,70.1, 72.6, 69.7, 98.2, 68.7, 68.5, 68.6, 69.1, 69, 68.6, 68.9, 69.1, 69.1, 75.9, 68.9, 69.8, 68.7, 68.8, 69.8, 69.9, 69, 66.4, 69.5, 69.1, 66.5, 69.5, 71.7, 69.5, 70.4, 69.6, 69.6, 69.5, 66.4, 69.8, 68.5, 68.6, 69.4, 91.4, 69, 69.5, 70.8, 69.4, 70, 70.9, 69.2, 69.6, 69.2, 70.4, 70.9, 76.8
55,"Tests.PerfTestJustWith.Single_100Percent_ComponentTest192(Entities: 6000, Shuffle: True)",1,"UpdateTime","Microsecond",No,72.5,97,81.65,81.902,4.03338517873015,4095.1,76.6, 74.6, 82.2, 79.2, 86.6, 76.4, 82.8, 72.5, 85.3, 81.5, 79.8, 81.2, 76.1, 79.3, 82.8, 81.4, 79.2, 85.4, 83.2, 81.7, 81.8, 83.7, 78.9, 79.5, 81.1, 82, 97, 83, 84.4, 84, 82.5, 80.6, 80.5, 85, 78.7, 85.1, 80.6, 91.4, 84.3, 77.5, 81.4, 84.5, 81.6, 80, 86.1, 76.8, 87.8, 83.3, 83.3, 80.9
56,"Tests.PerfTestJustWith.Single_20Percent_ComponentTest030(Entities: 6000, Shuffle: False)",1,"UpdateTime","Microsecond",No,14.5,19.5,16.3,16.432,1.18700294860628,821.6,17.6, 16.9, 16.1, 14.7, 16.5, 15.8, 15.7, 16.9, 17.7, 16.2, 16.2, 15.7, 17.1, 18, 15.7, 17.4, 15, 15.3, 15.3, 18.6, 16.8, 14.5, 16.2, 16, 15.4, 14.6, 19.5, 16.2, 16.4, 16.6, 15.3, 18.2, 16.7, 17.3, 17.1, 19.3, 17.2, 16.6, 16.5, 16.6, 14.8, 15.4, 15, 15.8, 16.2, 14.7, 19, 16.4, 16.8, 16.1
57,"Tests.PerfTestJustWith.Single_20Percent_ComponentTest030(Entities: 6000, Shuffle: True)",1,"UpdateTime","Microsecond",No,24.2,39.5,29.2,30.602,4.11618707057879,1530.1,38.4, 26.2, 30.9, 28.9, 27.8, 25.1, 30.6, 30.6, 36.4, 37.8, 36.9, 37.8, 36.1, 38, 36, 36.7, 39.5, 35.9, 36.7, 27.6, 25.5, 25, 27.1, 27.4, 28.8, 26.4, 26.2, 31.8, 28, 28.8, 27.3, 28.7, 28.1, 28.5, 31.4, 29.7, 28.7, 29.6, 28.6, 26.3, 31.6, 29.1, 28.7, 31.6, 30.4, 29.3, 31.4, 27.9, 30.1, 24.2
58,"Tests.PerfTestJustWith.Single_20Percent_ComponentTest064(Entities: 6000, Shuffle: False)",1,"UpdateTime","Microsecond",No,14.8,26.4,16.1,16.312,1.72274664417029,815.6,18.4, 16.5, 15.3, 15.9, 17.2, 16, 16.1, 17.9, 16, 16.5, 16.3, 15.2, 16.1, 16.5, 16.1, 16.7, 16.4, 15.6, 16, 15.4, 15, 15, 15.8, 26.4, 15.9, 16.3, 19.1, 16, 14.8, 14.9, 18.3, 16.2, 15.1, 16.7, 16.2, 15.6, 17.3, 15.4, 16.5, 15.1, 14.9, 16.6, 16.5, 16.4, 15.4, 16.4, 14.9, 14.8, 15.1, 16.9
59,"Tests.PerfTestJustWith.Single_20Percent_ComponentTest064(Entities: 6000, Shuffle: True)",1,"UpdateTime","Microsecond",No,18.4,32.2,21.35,22.206,2.34131672355536,1110.3,18.4, 26.7, 22.9, 23.3, 20, 32.2, 21.6, 23.6, 23.3, 20, 22.5, 21.6, 23.8, 24, 20.9, 19.9, 20.9, 21.2, 20.8, 20.7, 24, 24.3, 20, 21.1, 25.1, 20.5, 20.7, 21.2, 25.3, 21.3, 20.7, 22.8, 20, 20.2, 23.5, 22.8, 20.1, 25.2, 20.2, 21.4, 21.9, 20.2, 20.2, 21.2, 23.6, 20.8, 23.5, 20.4, 24, 25.8
60,"Tests.PerfTestJustWith.Single_20Percent_ComponentTest128(Entities: 6000, Shuffle: False)",1,"UpdateTime","Microsecond",No,14.7,26.3,15.6,16.118,2.13098005621827,805.9,16.3, 16.7, 15.3, 14.9, 15.8, 25.3, 16.1, 15.3, 15.3, 15.6, 14.9, 16.4, 15.3, 15.4, 15.5, 15.7, 15.6, 16, 19, 14.7, 16.1, 15, 15.2, 15.7, 16.4, 15, 18.2, 15.6, 14.7, 15.3, 15.6, 15.7, 16, 15.6, 15.1, 15.6, 14.8, 15, 16.7, 15.1, 15.2, 15.9, 15.1, 15.5, 15.7, 16, 17, 15.5, 16.2, 26.3
61,"Tests.PerfTestJustWith.Single_20Percent_ComponentTest128(Entities: 6000, Shuffle: True)",1,"UpdateTime","Microsecond",No,21.5,44.9,28.3,28.408,3.26360781957637,1420.4,26.8, 28.8, 28.6, 29.1, 26.8, 26.6, 30.3, 25.7, 30.4, 21.5, 30.5, 29.6, 28.8, 27.8, 26.8, 28.4, 27.8, 23.2, 23.5, 29.6, 27.2, 24.8, 27.1, 28.7, 28.8, 28.7, 44.9, 27.3, 28.1, 28.4, 29.7, 28.2, 26, 28.5, 29.8, 29.1, 25.6, 27.9, 30.1, 36.2, 30.7, 28.6, 26.1, 28, 28, 27.2, 30.6, 27.4, 31.1, 27
62,"Tests.PerfTestJustWith.Single_20Percent_ComponentTest192(Entities: 6000, Shuffle: False)",1,"UpdateTime","Microsecond",No,13.9,24.4,14.65,15.124,1.80272682345385,756.2,15.3, 16.2, 14.5, 14.5, 14.1, 22, 14.9, 14.4, 14.5, 14.4, 14.1, 14.5, 13.9, 14.5, 14.8, 14.6, 14.7, 16, 15.7, 24.4, 15.6, 14.2, 14.7, 15.5, 14.8, 14.8, 14.7, 14.3, 14.1, 15, 14.1, 16.2, 15.3, 14.7, 14.9, 14.2, 14.1, 14.2, 14.4, 14.3, 15.2, 14.9, 14.6, 14.5, 15.2, 14.7, 14.6, 14.4, 17.8, 14.2
63,"Tests.PerfTestJustWith.Single_20Percent_ComponentTest192(Entities: 6000, Shuffle: True)",1,"UpdateTime","Microsecond",No,24.3,43.2,28.8,29.024,2.81151631686533,1451.2,31.9, 25.8, 28.7, 33, 28.5, 28.9, 26.3, 25.8, 31.2, 31.3, 24.3, 26.9, 28.5, 27.4, 27.5, 30.4, 26.5, 29.3, 27.6, 31.5, 29.3, 28.5, 31.4, 27.3, 27.3, 29.6, 30.9, 29.2, 43.2, 32.1, 28.7, 28.5, 27.8, 27.4, 30.5, 27.4, 29.6, 27.3, 28.9, 24.3, 29.7, 29, 26.7, 29.1, 28.2, 29, 30, 26.6, 31.3, 31.1
64,"Tests.PerfTestJustWith.Single_5Percent_ComponentTest030(Entities: 6000, Shuffle: False)",1,"UpdateTime","Microsecond",No,4.7,11.1,4.9,5.19,1.02513413756445,259.5,11.1, 7.8, 5.1, 5, 5.1, 4.9, 4.9, 4.7, 4.8, 4.8, 4.9, 7.3, 5.2, 4.9, 4.8, 4.9, 4.9, 4.9, 4.8, 4.9, 4.8, 4.8, 4.9, 5, 5.4, 5, 6.7, 5.1, 4.9, 4.7, 4.9, 4.9, 4.8, 4.8, 4.7, 4.9, 4.8, 5.2, 4.9, 4.9, 5, 5, 5, 4.8, 5, 5, 4.9, 5, 4.9, 5.1
65,"Tests.PerfTestJustWith.Single_5Percent_ComponentTest030(Entities: 6000, Shuffle: True)",1,"UpdateTime","Microsecond",No,11.9,17.9,14,14.076,0.968619636389847,703.8,14.4, 13.7, 15.1, 14.2, 13.4, 14.3, 12.8, 13.4, 14.4, 13.4, 15.6, 13.7, 13.6, 13.7, 15, 14.3, 13.5, 14.1, 11.9, 13.6, 12.5, 13.7, 15.1, 13.7, 15.3, 15.3, 12.5, 15.1, 13.6, 13.8, 14.7, 13.7, 15, 15.1, 14.1, 12.6, 13.7, 14.2, 13.8, 12.9, 17.9, 14, 15.2, 13.6, 14.1, 14.1, 14, 14.6, 13.7, 14.1
66,"Tests.PerfTestJustWith.Single_5Percent_ComponentTest064(Entities: 6000, Shuffle: False)",1,"UpdateTime","Microsecond",No,5.1,9.2,6.9,6.97,0.95420123663722,348.5,7.8, 8, 8, 6.8, 7.2, 6.6, 6.6, 6.4, 7.7, 8.6, 6.2, 6, 8.3, 7.9, 5.6, 8.1, 7.8, 9.1, 6.6, 6.7, 6.5, 7.1, 7, 6.2, 6.8, 7, 6.9, 9.2, 7.5, 6.9, 5.3, 7.1, 7, 6.4, 6.4, 6.5, 6.8, 7.3, 6.2, 5.3, 7.8, 5.7, 7, 6.4, 7.9, 6.4, 5.1, 8.6, 6.9, 5.3
67,"Tests.PerfTestJustWith.Single_5Percent_ComponentTest064(Entities: 6000, Shuffle: True)",1,"UpdateTime","Microsecond",No,10.7,24.8,14.6,14.494,2.20276281065393,724.7,15.4, 14.8, 16.2, 14.9, 14.7, 14.9, 14.8, 13.3, 14.9, 11.8, 14.7, 12.4, 14.7, 14.4, 12.2, 14.6, 13.8, 14.3, 14.9, 13.8, 14.6, 14.1, 13.4, 14.6, 21.3, 13.1, 10.7, 15.9, 15.9, 14.4, 11.3, 14.8, 15.1, 12.7, 15.8, 13.6, 14.5, 14.9, 14.8, 17.6, 13, 13.2, 24.8, 12, 13, 14.9, 15.2, 12.6, 13.4, 14
68,"Tests.PerfTestJustWith.Single_5Percent_ComponentTest128(Entities: 6000, Shuffle: False)",1,"UpdateTime","Microsecond",No,4.9,11.4,6.9,7.076,1.32854205804709,353.8,7.1, 6.7, 7.1, 8.9, 9.2, 8.3, 5.4, 6.7, 7, 7.1, 5.9, 7.4, 6.6, 7.9, 7.9, 7.6, 5.9, 9.4, 6.4, 5.4, 5.6, 8.4, 5.5, 7.6, 7.9, 11.4, 7.1, 7.3, 5.2, 6.5, 6.2, 9, 6.3, 4.9, 5.6, 6.8, 6, 8.6, 9.1, 8.4, 5.2, 6.6, 5.6, 7.8, 6.2, 7.9, 6.3, 6.7, 6, 8.2
69,"Tests.PerfTestJustWith.Single_5Percent_ComponentTest128(Entities: 6000, Shuffle: True)",1,"UpdateTime","Microsecond",No,10.9,25.6,13.6,13.588,2.41674491827334,679.4,11.5, 22.4, 11.9, 13.8, 12.1, 13.7, 14, 14.4, 13.7, 13.7, 12, 13.9, 14.5, 14.4, 11.3, 14.1, 11.4, 11.1, 11.7, 12.9, 14.5, 13.7, 13, 13, 13.6, 12.7, 11.1, 13.5, 12.9, 10.9, 13.3, 13.4, 13.4, 14.2, 11.2, 13.8, 13.8, 11.4, 15.8, 25.6, 13.1, 14.3, 14.2, 13.6, 13.8, 12.4, 13.8, 13.8, 13.9, 13.2
70,"Tests.PerfTestJustWith.Single_5Percent_ComponentTest192(Entities: 6000, Shuffle: False)",1,"UpdateTime","Microsecond",No,5.1,10.8,6.55,7.004,1.31452805219212,350.2,6.4, 7.5, 6.2, 6.1, 9.1, 6.6, 10.3, 5.7, 6.8, 10.8, 5.6, 7.1, 6.4, 9, 6.2, 6.2, 9.4, 7.5, 6.1, 9.2, 6.2, 6.4, 9, 5.2, 5.6, 6.5, 6.7, 9, 6.9, 6.8, 5.1, 6.5, 6.1, 6.8, 7.4, 5.4, 7.1, 7.5, 6.4, 6.7, 9.6, 6.4, 6.2, 7.3, 6.7, 7.6, 6.2, 6.3, 6.2, 6.2
71,"Tests.PerfTestJustWith.Single_5Percent_ComponentTest192(Entities: 6000, Shuffle: True)",1,"UpdateTime","Microsecond",No,5.4,8.7,6.05,6.226,0.599269555375542,311.3,5.4, 7.9, 5.8, 5.7, 6.2, 7, 6.1, 6.5, 5.9, 6.3, 5.8, 6, 5.6, 5.7, 5.7, 5.8, 6.2, 5.6, 5.9, 8.7, 6.6, 6.4, 6, 6, 5.9, 6, 6.7, 5.9, 6.6, 5.7, 5.7, 6.3, 7.1, 6, 6.7, 6, 6.5, 5.9, 6.6, 6, 5.8, 6.6, 6, 6.1, 6.2, 6.1, 7.6, 6.2, 6.1, 6.2
72,"Tests.PerfTestJustWith.Triplet_100Percent_ComponentTest030_ComponentTest064_ComponentTest128(Entities: 6000, Shuffle: False)",1,"UpdateTime","Microsecond",No,133,148.9,139.3,138.724,3.36532673005163,6936.2,140.7, 139.9, 148.9, 139.5, 139.4, 137.8, 138.2, 138.9, 134.1, 139, 139, 139.1, 140.1, 134, 138.9, 138.3, 139.3, 140.3, 139.3, 139.6, 139.8, 133, 135.5, 144.7, 138.3, 141.5, 139.4, 139.6, 139.5, 140.7, 139.9, 140.2, 139.4, 139.1, 133.9, 139.5, 145.4, 139.7, 139.5, 134, 139.6, 133.2, 133.3, 138.2, 133.3, 138.3, 133.4, 147.2, 139, 133.8
73,"Tests.PerfTestJustWith.Triplet_100Percent_ComponentTest030_ComponentTest064_ComponentTest128(Entities: 6000, Shuffle: True)",1,"UpdateTime","Microsecond",No,148.4,224.8,159.45,161.184,12.3815243003436,8059.2,157.9, 148.4, 157.3, 158.5, 161.4, 159.6, 158.8, 214.2, 160, 160.3, 156.3, 160.7, 152.3, 160.6, 163.9, 161.5, 161.7, 154.7, 158.3, 157.8, 161.4, 163.1, 152.7, 160.6, 158.8, 160.8, 158.5, 160.6, 156.2, 160.7, 161.5, 159.2, 155, 158.3, 154.7, 155.4, 161, 166.7, 156.4, 157, 224.8, 158.5, 164.4, 159.4, 153.6, 160.4, 160.1, 159.5, 155.5, 160.2
74,"Tests.PerfTestJustWith.Triplet_100Percent_ComponentTest030_ComponentTest064_ComponentTest192(Entities: 6000, Shuffle: False)",1,"UpdateTime","Microsecond",No,134.2,156.8,139.7,139.274,3.854390224147,6963.7,140.3, 141.9, 139.9, 135.8, 139.5, 139.7, 140.4, 139.8, 139.2, 139.8, 139.7, 140.2, 140.5, 139, 134.8, 139.2, 138.9, 138.6, 134.5, 139.2, 138.8, 134.5, 138.9, 134.9, 140.4, 139.7, 148.6, 139.7, 139.2, 134.7, 156.8, 140.5, 134.6, 139.8, 134.6, 146.5, 139.5, 141, 140, 134.2, 141.9, 134.3, 140.5, 134.5, 141.9, 139.8, 135.4, 140.7, 136.6, 140.3
75,"Tests.PerfTestJustWith.Triplet_100Percent_ComponentTest030_ComponentTest064_ComponentTest192(Entities: 6000, Shuffle: True)",1,"UpdateTime","Microsecond",No,145.6,172.2,157.5,158.172,4.14738664703449,7908.6,160.1, 155.4, 159.7, 159.3, 156, 157.1, 160.6, 157.6, 155, 154.6, 164.2, 157.2, 155.3, 156.3, 145.6, 166.9, 159.4, 157.4, 162.5, 161.1, 155.3, 163.6, 157.8, 154.7, 161.4, 155, 159.5, 155.4, 159.6, 155.9, 154.2, 155, 156.1, 161.2, 156.8, 158.6, 154.6, 155.6, 155.8, 160, 161.5, 154.1, 165.7, 172.2, 161.6, 152.3, 158.3, 160.4, 159.5, 155.6
76,"Tests.PerfTestJustWith.Triplet_100Percent_ComponentTest030_ComponentTest128_ComponentTest192(Entities: 6000, Shuffle: False)",1,"UpdateTime","Microsecond",No,134.8,159,140.55,140.514,4.39285829500565,7025.7,139.9, 143.4, 140.1, 136.4, 139.7, 140, 136.3, 134.8, 140.6, 135, 134.9, 141.7, 135.2, 140.9, 141, 141.3, 140.5, 140.5, 141.9, 141.5, 134.8, 141.6, 140.5, 140.3, 135, 149, 140.7, 140.7, 140.5, 140.6, 139.1, 140.8, 139.8, 140.6, 140.5, 134.9, 140, 135.5, 140.9, 140.4, 140.8, 141, 156.3, 141.2, 141.3, 141.3, 141.6, 139.7, 141.7, 159
77,"Tests.PerfTestJustWith.Triplet_100Percent_ComponentTest030_ComponentTest128_ComponentTest192(Entities: 6000, Shuffle: True)",1,"UpdateTime","Microsecond",No,137.9,222.4,145.15,146.414,11.2754602566813,7320.7,142.1, 152.8, 145.7, 151.3, 143.3, 149.9, 145.3, 144.2, 145.1, 145.2, 147.9, 146.5, 140.1, 145.3, 144.8, 139.9, 144.9, 145.3, 143.3, 147.5, 148.1, 144.4, 142, 145.1, 146.4, 144.6, 144.7, 145.3, 145.9, 144.8, 222.4, 147.5, 145.9, 141.3, 151.2, 140, 140.7, 144.3, 146.2, 146, 137.9, 141.8, 144.1, 147.1, 143.1, 146.2, 138.9, 146.9, 140.9, 146.6
78,"Tests.PerfTestJustWith.Triplet_100Percent_ComponentTest064_ComponentTest128_ComponentTest192(Entities: 6000, Shuffle: False)",1,"UpdateTime","Microsecond",No,133.9,181.7,139.7,140.642,7.00785530672544,7032.1,136.9, 150.5, 138.9, 139.9, 147, 140.4, 140.1, 135.3, 135.3, 145.2, 139.8, 139.7, 136.4, 140.3, 153.4, 140.4, 139.7, 139.3, 140.6, 139.1, 140, 135.9, 144.7, 134.8, 139.7, 139.2, 135, 140.2, 138.7, 139.6, 139, 139.8, 139.7, 133.9, 134.6, 140.5, 135.3, 181.7, 142.4, 139.4, 144.9, 139.8, 139.7, 135.1, 139.9, 134.9, 139.8, 139.6, 146.1, 140
79,"Tests.PerfTestJustWith.Triplet_100Percent_ComponentTest064_ComponentTest128_ComponentTest192(Entities: 6000, Shuffle: True)",1,"UpdateTime","Microsecond",No,147.3,186.3,160.75,160.944,7.28140535885759,8047.2,162.6, 154.4, 161.4, 161.1, 159.6, 154.2, 179.8, 160.1, 164.2, 186.3, 156.3, 162.3, 156.9, 162.9, 154.8, 161.5, 157.6, 162.9, 154.4, 161.5, 162, 147.6, 155.7, 160.4, 164.7, 159.9, 155.9, 163.2, 155.3, 156.4, 162.1, 155, 154.7, 181.6, 157.6, 147.3, 158.3, 156.1, 167.8, 156.7, 170.2, 161.3, 166, 162.3, 162.4, 154, 162.9, 172.5, 163.1, 159.4
80,"Tests.PerfTestJustWith.Triplet_20Percent_ComponentTest030_ComponentTest064_ComponentTest128(Entities: 6000, Shuffle: False)",1,"UpdateTime","Microsecond",No,27.8,126.7,28.6,30.824,13.7357571323899,1541.2,28.5, 30.6, 28.6, 28.2, 28.4, 28.3, 28.2, 28.9, 28.4, 28.4, 28.3, 29.2, 28.6, 28.7, 28.7, 28.6, 28.5, 28.7, 32.1, 29.2, 28.5, 31.7, 28.6, 28.2, 29, 29.1, 29.1, 28.4, 27.8, 28.2, 28.4, 30, 28.8, 28.2, 28.5, 28.1, 29.4, 28.4, 28.2, 29.2, 28.2, 28.3, 28.8, 28.9, 126.7, 33.5, 28.3, 28.3, 28.7, 28.6
81,"Tests.PerfTestJustWith.Triplet_20Percent_ComponentTest030_ComponentTest064_ComponentTest128(Entities: 6000, Shuffle: True)",1,"UpdateTime","Microsecond",No,42.1,58.4,48.05,48.158,2.31811043740371,2407.9,50.3, 46.5, 48.6, 48.4, 48, 48.9, 58.4, 47.7, 44.9, 48.1, 48.1, 47.8, 46.5, 48.2, 48.3, 47.8, 49.1, 48.1, 49.7, 47.8, 47.9, 46, 47, 48.4, 46.6, 47.3, 48.4, 45.1, 49.1, 55.4, 51.3, 47.9, 48.4, 47.9, 49.1, 47.4, 47.9, 47.5, 42.1, 45.7, 48.1, 48.8, 47.9, 48.8, 46.2, 47.4, 48.1, 46.5, 50, 48.5
82,"Tests.PerfTestJustWith.Triplet_20Percent_ComponentTest030_ComponentTest064_ComponentTest192(Entities: 6000, Shuffle: False)",1,"UpdateTime","Microsecond",No,27.4,46.9,28.5,29.288,3.23515934692559,1464.4,28.3, 29.6, 29.6, 28.5, 27.9, 28.7, 28.4, 28.8, 27.4, 28.9, 28.2, 27.9, 28.2, 28.2, 46.9, 28.2, 28.4, 31.1, 28.1, 28, 28.3, 28.2, 28.9, 28.9, 28.8, 28.7, 29.4, 28.7, 28.9, 28.8, 28.6, 28.8, 28.4, 29, 28, 29, 28.3, 42.3, 29, 28.5, 28.4, 28.2, 28.4, 29.3, 28.7, 28.4, 31.5, 28.5, 28.4, 27.8
83,"Tests.PerfTestJustWith.Triplet_20Percent_ComponentTest030_ComponentTest064_ComponentTest192(Entities: 6000, Shuffle: True)",1,"UpdateTime","Microsecond",No,33.4,44.9,35.8,36.44,2.2343679195692,1822,38.9, 35.5, 35.7, 33.4, 35.3, 34.8, 34.4, 35.1, 36.9, 33.9, 35.3, 40.1, 35.8, 35.7, 35.4, 38.5, 35.4, 36, 36.3, 35.3, 34.8, 35.6, 35.3, 44.9, 40.5, 35.2, 35.8, 36.1, 34.3, 35.8, 35.5, 35.9, 34.7, 36.3, 37.6, 36.5, 38.9, 36.7, 34.4, 36.1, 40, 36.1, 36.3, 36.7, 36.1, 34.7, 35.5, 36.3, 44.1, 37.6
84,"Tests.PerfTestJustWith.Triplet_20Percent_ComponentTest030_ComponentTest128_ComponentTest192(Entities: 6000, Shuffle: False)",1,"UpdateTime","Microsecond",No,27.4,39.3,28.8,28.946,1.63758480696421,1447.3,29.4, 30.7, 28.3, 28.8, 28.3, 28.5, 28.4, 28.8, 29.4, 28.6, 28.2, 28.3, 27.7, 28.2, 28.9, 29, 29, 28.8, 28.2, 39.3, 28.9, 29.2, 29.1, 28.6, 28.8, 27.5, 28.6, 29, 28.2, 28.8, 28.8, 28.1, 28.8, 28.1, 28.5, 29.4, 29.2, 31.5, 28.3, 27.8, 29.2, 28.6, 27.4, 29, 28.6, 29.9, 29, 29.1, 28.7, 27.8
85,"Tests.PerfTestJustWith.Triplet_20Percent_ComponentTest030_ComponentTest128_ComponentTest192(Entities: 6000, Shuffle: True)",1,"UpdateTime","Microsecond",No,44.5,52.8,47.7,47.82,1.5119523802025,2391,49.3, 46.9, 45.2, 49.1, 46.8, 47.8, 47.2, 50.7, 47.8, 47.1, 48.2, 50.1, 48.2, 47.8, 48.4, 46.3, 46.5, 47.7, 49.6, 48.3, 45, 47.9, 51.4, 48, 48.8, 47.8, 49.1, 48.2, 47.4, 46.7, 46.6, 46.5, 46.3, 47.4, 46.6, 50.2, 48.2, 44.5, 47.7, 47.4, 47.4, 47.7, 52.8, 47.7, 47.1, 47.8, 47.6, 47.4, 48.8, 46
86,"Tests.PerfTestJustWith.Triplet_20Percent_ComponentTest064_ComponentTest128_ComponentTest192(Entities: 6000, Shuffle: False)",1,"UpdateTime","Microsecond",No,27.3,31.9,28.7,28.876,0.936495595291297,1443.8,29.6, 30.9, 28.9, 28.9, 29.2, 29.5, 30.3, 29.4, 28.7, 28.7, 28.7, 28.7, 27.8, 29.2, 29.1, 31.7, 29, 28.7, 30.7, 29, 28.3, 28.8, 29.3, 28.1, 28.9, 28.1, 28.6, 28.9, 29, 29, 27.5, 28.6, 27.3, 27.7, 28.6, 28.6, 28.7, 28.5, 27.4, 28.6, 29.2, 28.5, 27.6, 29.1, 31.9, 28.7, 28.9, 27.4, 28.7, 28.6
87,"Tests.PerfTestJustWith.Triplet_20Percent_ComponentTest064_ComponentTest128_ComponentTest192(Entities: 6000, Shuffle: True)",1,"UpdateTime","Microsecond",No,42.1,100.6,49.25,50.946,10.0623895770339,2547.3,50.5, 46.3, 49.5, 48.6, 48.8, 53.8, 48.1, 48.9, 100.6, 46, 46.9, 42.1, 49.1, 46.3, 49.5, 42.7, 49.9, 50, 49, 49, 96.8, 49.5, 47.8, 47.9, 50.1, 46.9, 44.8, 48.8, 48.3, 48.2, 49.4, 49.2, 50, 48.3, 49.6, 49.3, 49.8, 49.7, 51.2, 48.8, 49.6, 50.1, 48.7, 59.7, 51.2, 49.6, 48.3, 50.1, 50.2, 49.8
88,"Tests.PerfTestJustWith.Triplet_5Percent_ComponentTest030_ComponentTest064_ComponentTest128(Entities: 6000, Shuffle: False)",1,"UpdateTime","Microsecond",No,8.7,17.5,11.2,11.202,1.35609586681768,560.1,12.2, 12.4, 11.4, 11.9, 11.6, 12, 10.5, 10.5, 13.1, 11.6, 9.7, 11.4, 11, 11.2, 10.1, 10.8, 11.7, 11, 9.9, 12.2, 11.3, 10.6, 11.3, 11.7, 11.2, 10.4, 11.3, 12, 11.4, 9.7, 9.1, 11.9, 11.1, 9.6, 11.9, 17.5, 11.5, 8.7, 10.8, 13.7, 9.5, 10.8, 10.8, 13.1, 10.6, 11.1, 10.5, 9.4, 11.3, 10.1
89,"Tests.PerfTestJustWith.Triplet_5Percent_ComponentTest030_ComponentTest064_ComponentTest128(Entities: 6000, Shuffle: True)",1,"UpdateTime","Microsecond",No,19.2,31,22.9,23.074,1.829077363044,1153.7,23.5, 22.3, 24.1, 24.8, 31, 28.7, 23.7, 23.6, 22, 22.7, 23.9, 23.3, 22.4, 24, 21.9, 22.7, 22.8, 23.1, 22.5, 22, 22.8, 19.9, 24.2, 23.5, 21.2, 22.7, 23, 23.6, 22.7, 22.5, 23.5, 21.3, 23.3, 23.8, 23, 24, 22.7, 21.3, 23.5, 19.2, 23.4, 23.4, 22.5, 25.2, 22.7, 19.9, 24.2, 22.2, 21.1, 22.4
90,"Tests.PerfTestJustWith.Triplet_5Percent_ComponentTest030_ComponentTest064_ComponentTest192(Entities: 6000, Shuffle: False)",1,"UpdateTime","Microsecond",No,9,16.1,10.8,10.756,1.3855193971937,537.8,9.4, 12.8, 10.4, 9.5, 11.1, 9.3, 11.8, 9.2, 11.7, 9.1, 11.4, 11.4, 16.1, 9.7, 9.4, 9, 9.5, 11.2, 11.5, 10.5, 9.3, 13, 9.8, 10.1, 11, 11.4, 9.7, 11.5, 11.4, 9.2, 9.3, 10.6, 9.6, 12.2, 9.9, 11.3, 10.2, 9.6, 12.3, 11.6, 11.7, 11.4, 11.4, 11.3, 13.8, 11.1, 11.1, 9.5, 9, 10.5
91,"Tests.PerfTestJustWith.Triplet_5Percent_ComponentTest030_ComponentTest064_ComponentTest192(Entities: 6000, Shuffle: True)",1,"UpdateTime","Microsecond",No,18.8,31,22.3,22.516,1.72422272343221,1125.8,23.8, 23.5, 22.1, 23.3, 23.1, 22.4, 22.4, 20.6, 23.9, 22.3, 22.5, 21.8, 22, 22.2, 21.4, 21.8, 31, 22.6, 22.3, 24.7, 25.3, 20.8, 18.8, 22.7, 22.5, 20.4, 24.2, 21.8, 23.7, 20.6, 21.1, 24.1, 20.5, 23.3, 21.3, 22.2, 22.3, 23.4, 21.8, 19.7, 22.3, 22.1, 22, 22.2, 23, 22.4, 22.1, 23.3, 23.2, 23
92,"Tests.PerfTestJustWith.Triplet_5Percent_ComponentTest030_ComponentTest128_ComponentTest192(Entities: 6000, Shuffle: False)",1,"UpdateTime","Microsecond",No,8.9,14.4,10.9,10.756,1.06529995775838,537.8,11.9, 10.5, 8.9, 9.7, 11.6, 11.8, 10.1, 11.1, 9.2, 11, 8.9, 10.9, 11.5, 11.5, 11.6, 12.3, 9.7, 10.5, 11.8, 10.9, 9.9, 11, 11.1, 11.4, 9, 9.7, 10.6, 11.1, 10.1, 9.6, 10.6, 11, 8.9, 11.2, 11, 10.6, 9.6, 14.4, 10.8, 10.3, 10.9, 11.2, 12.8, 11.1, 10.8, 11.3, 10.6, 12.4, 10, 9.4
93,"Tests.PerfTestJustWith.Triplet_5Percent_ComponentTest030_ComponentTest128_ComponentTest192(Entities: 6000, Shuffle: True)",1,"UpdateTime","Microsecond",No,19.2,35.3,23.4,23.532,2.58406191876278,1176.6,24.9, 22.7, 25.1, 23.4, 24.1, 23.6, 23.3, 19.9, 23.4, 22.7, 20.6, 22.8, 23.3, 23.1, 24, 22.4, 31.6, 24.5, 23, 23.5, 22.4, 24, 24.7, 23.1, 22.3, 19.3, 22.8, 24, 35.3, 24, 22.7, 23.9, 22.7, 19.5, 24.4, 21.6, 22.4, 25.4, 24.2, 19.2, 24.4, 24.7, 21.3, 27.2, 24.3, 23.9, 20.8, 23.7, 23.6, 22.9
94,"Tests.PerfTestJustWith.Triplet_5Percent_ComponentTest064_ComponentTest128_ComponentTest192(Entities: 6000, Shuffle: False)",1,"UpdateTime","Microsecond",No,9.1,13.4,11.2,11.27,0.884590300647706,563.5,11.9, 13.3, 11.2, 10.4, 10.8, 11.1, 11.5, 13.4, 11.4, 11, 10.9, 12.2, 11.1, 12.2, 13.3, 10.4, 10.8, 11.1, 11.3, 11.5, 12, 10.4, 11.2, 11.8, 12.5, 10.6, 11.2, 10.8, 11.3, 9.3, 9.9, 12.7, 11.8, 12.1, 11, 11.4, 9.1, 11.8, 10.8, 11.6, 10, 11.2, 10.7, 11.5, 11, 10.4, 10.4, 11.1, 11.8, 11.3
95,"Tests.PerfTestJustWith.Triplet_5Percent_ComponentTest064_ComponentTest128_ComponentTest192(Entities: 6000, Shuffle: True)",1,"UpdateTime","Microsecond",No,15.5,23.9,17.15,17.886,1.91394984260299,894.3,23.9, 19.3, 19.5, 16.8, 16.1, 16.5, 19.5, 15.9, 15.9, 20.6, 19.3, 17.6, 16.9, 16.3, 19.6, 23.1, 17.3, 16.3, 19.3, 16, 17, 17.1, 15.5, 17.8, 16.7, 16, 19.5, 17.2, 18.4, 16.7, 16.5, 15.9, 17.5, 17.3, 17.1, 17.8, 16.8, 16.7, 22, 16.9, 16.9, 21.9, 16.5, 18.3, 19.2, 17.4, 16.3, 16.8, 19.7, 19.2
96,"Tests.PerfTestsLegacy.__WarmupAndOverhead",1,"UpdateTime","Microsecond",No,0.3,1.3,0.3,0.356,0.156409718368137,17.8,0.8, 0.4, 0.3, 0.4, 0.3, 0.3, 0.3, 0.3, 0.3, 0.3, 0.3, 0.3, 0.4, 0.3, 0.3, 0.3, 0.3, 0.3, 0.3, 0.3, 0.3, 0.3, 0.3, 0.3, 0.3, 0.4, 0.3, 0.3, 0.3, 0.3, 0.4, 0.3, 0.3, 0.4, 0.4, 0.3, 0.4, 0.3, 0.3, 1.3, 0.3, 0.3, 0.3, 0.3, 0.4, 0.3, 0.4, 0.4, 0.4, 0.4
97,"Tests.PerfTestsLegacy.TestWith(Entities: 6000, Shuffle: False)",1,"UpdateTime","Microsecond",No,88,141,92.1,94.406,9.54698716873548,4720.3,93, 93.3, 90.1, 92.5, 97.6, 92.3, 92.2, 91.8, 89, 92.2, 88.7, 91.9, 91.7, 92.3, 92, 138.1, 92.1, 91.8, 88, 92.2, 91.9, 91.6, 91.4, 92.3, 92.5, 91.9, 92.1, 141, 97.6, 92.8, 91.8, 92, 91.9, 92.1, 92, 92.2, 94.4, 91.9, 92.4, 91.8, 92.2, 91.9, 97, 92, 92.1, 91.8, 91.6, 105.4, 92.4, 93.5
98,"Tests.PerfTestsLegacy.TestWith(Entities: 6000, Shuffle: True)",1,"UpdateTime","Microsecond",No,90,112.5,94.1,94.762,4.98870283741174,4738.1,112.5, 111.8, 98.3, 95.6, 94.4, 93.9, 94.3, 93.9, 93.9, 94.2, 94.3, 94.2, 93.9, 94.1, 94.8, 94.3, 94.5, 107.4, 94.5, 94.6, 90, 94.3, 93.8, 94.2, 90.4, 94.6, 90.5, 95.3, 94, 94.1, 93.9, 90.9, 109.5, 95, 98, 90.8, 90.9, 94.6, 90.2, 90.8, 94.1, 92.9, 93.6, 90.3, 93.8, 93.6, 90.3, 90.3, 93.7, 90.3
99,"Tests.PerfTestsLegacy.TestWithWithout(Entities: 6000, Shuffle: False)",1,"UpdateTime","Microsecond",No,64.9,108.7,68,71.008,9.00801509767829,3550.4,71.1, 78.3, 68.2, 67.7, 73.6, 67.9, 67.8, 66, 67.9, 65.9, 66.3, 67.8, 67.6, 108.7, 102.4, 99.5, 70.4, 66.4, 65.8, 65.8, 65.6, 68.9, 67.9, 69.7, 85.4, 69.9, 69.5, 68.4, 72.5, 76.4, 68.8, 67.3, 68.1, 66.5, 70.6, 69.4, 69.3, 68, 68.9, 68, 65.2, 67.5, 67.4, 64.9, 67.8, 65.9, 74.9, 67.9, 65.6, 69.1
100,"Tests.PerfTestsLegacy.TestWithWithout(Entities: 6000, Shuffle: True)",1,"UpdateTime","Microsecond",No,86.7,192.4,91.75,96.684,16.7617941760421,4834.2,94.8, 92.7, 93.5, 90.5, 91.4, 90.8, 89.4, 91.2, 98.5, 87.8, 92.8, 87.7, 192.4, 91, 93.7, 87.4, 87.5, 91.1, 91.4, 93.1, 91.1, 90.4, 92.2, 93, 89.3, 94.8, 86.7, 94.7, 90.2, 92.1, 87.5, 94.9, 87.8, 92.6, 93, 90, 93, 118.1, 127.1, 112.4, 130.8, 105.8, 102.5, 88, 117, 90.9, 88.8, 89, 92.6, 89.2
101,"Tests.PerfTestsLegacy.TestWithWithoutAny(Entities: 6000, Shuffle: False)",1,"UpdateTime","Microsecond",No,43.3,111.8,45.45,46.858,9.37202411435225,2342.9,49.3, 48.1, 45.4, 46.2, 45.5, 45.5, 44.8, 45.1, 45.6, 45.7, 45.4, 45.1, 43.6, 45.6, 43.8, 43.5, 45.4, 46, 45.4, 45.6, 45.4, 46.1, 45.2, 45.6, 45.6, 45.3, 44.3, 45.8, 47.8, 43.3, 45.2, 44.7, 45.2, 45.1, 45.7, 111.8, 45.7, 44.1, 45.9, 45.4, 44.6, 45.5, 45.3, 44.1, 46.3, 44.2, 45.6, 51.3, 46.2, 46
102,"Tests.PerfTestsLegacy.TestWithWithoutAny(Entities: 6000, Shuffle: True)",1,"UpdateTime","Microsecond",No,63,80,70.05,70.082,2.5891071820224,3504.1,80, 74.3, 66.7, 71.1, 71.5, 71, 68, 70.3, 70.5, 71.4, 67.8, 70.6, 70.2, 71.1, 70.8, 68, 70.6, 67.8, 68.2, 69.8, 70.4, 73.3, 68.1, 70.2, 70.2, 73.3, 69.7, 76.6, 69.6, 70, 68.9, 63, 67.6, 68.6, 70.2, 70, 68.9, 67.8, 70.1, 70.5, 71.4, 71.5, 69.8, 67.9, 68.3, 67.8, 68.8, 70, 67.6, 74.3
